HASHTAG,COUNT
,
Khalistan,301
SFJ,227
PunjabFarmers,116
GheraoModi,81
Modi,77
khalistan,66
Referendum2020,50
BharatBandh,41
Pannun,35
Punjab,34
KhalistanReferendum2020,32
ModiAtUN,30
TerryFox,30
Register2Vote2020,26
Pakistan,26
Sikh,24
modi,24
MODIAtUN,22
BaharatBandh,19
Sikhs,19
Indian,18
Canada4Khalistan,18
India,17
SikhCommunity,17
TruckRally,17
Farmersbill2020,16
Delhi,14
Haryana,14
referendum2020,12
Khalistanis,11
Sfj,10
punjabfarmers,8
Gharaomodi,7
sikhs,7
sfj,7
ReferendumCostituzionale,6
Referendum,6
Canada,6
Kashmir,6
TerryM,6
punjab,6
Khalistani,6
farmers,5
referendum,5
MODI,5
haryana,5
Bandbharat,4
punjabland,4
Canada4khalistan,4
KHALISTAN,4
ShameOnSFJ,4
KhalistaniSeparatists,4
Farmers,4
Bandhbharat,4
Twitter,4
RealSikhs,4
IndianSikhs,3
Italian,3
SJF,3
TerryMilewski,3
IPOB,3
SikhSoldiers,3
ShameOnPannun,3
Pannu,3
Hate,3
Canadian,3
nzpol,3
KhalistaniSupporters,3
door,3
UNSC,3
Congress,3
Newyork,3
Punjabfarmers,2
AAP,2
notifydecisionsofcommission,2
Khalist,2
Presidency,2
AirIndia,2
SaturdayThoughts,2
stopmodi,2
newcountry,2
BBI,2
FreeKashmir,2
Terry,2
terryfox,2
Truth,2
punjabis,2
ISI,2
PunjabFarmersOnly,2
GGMU,2
Listige,2
TelegramGroupLink,2
Dancehall,2
Punja,2
RememberingDrNajeeb,2
Nagaland,2
PakistanAgenda,2
PakSikhs,2
PIL,2
SikhFarmers,2
NewYork,2
punjabreferendum2020,2
NahiChahiyeKhalistan,2
ElezioniRegionali2020,2
RSSTerrorists,2
india,2
Kashmir_With_India,2
Khalis,2
BBINonsense,2
PHC,2
DSGMC,2
P,2
FakeSikhs,2
maratonamentana,2
ShameOnKhalistanis,2
FarmersProtest,2
KhalistanPromotesHate,2
PunjabBandh,2
TWPlive,2
Referendum2020_iovotoNO,2
SFJcalls,1
Dublin,1
Punjabifarmers,1
Poorfarmers,1
punjabfrmers,1
AkaliDal,1
PakBot,1
ManjinderSinghSirsa,1
ParkashBadal,1
Pathetic,1
Refere,1
Movimento5Stelle,1
akali,1
congress,1
ElezioniRegionali,1
R,1
AkalTakhtJathedar,1
Vapsi,1
1984SikhGenocide,1
DelhiHighCourt,1
Terror,1
elezioni,1
Pann,1
Voto2020,1
regionali,1
Dehli,1
GianiHarpreetSingh,1
AirI,1
Toscana2020,1
minorities,1
Google,1
farming,1
Savi,1
TerrorPlanOfKhal,1
Gurdwara,1
AirInd,1
terry,1
terror,1
Mars,1
KhalistaniDrama,1
Pakista,1
Sikhyouth,1
PakistanISI,1
KhalistanIsNotASolution,1
NoKhalistanInNovember,1
Trap,1
NahiChahidaK,1
Sikhism,1
Khai,1
Breaking,1
KhalistaniSepar,1
Minorities,1
IndiaC,1
ShameOnKhalistaniSupporters,1
Kha,1
Shame,1
Refer,1
KhalistaniStooges,1
Referendums,1
EXITPOLL,1
November,1
WeAgainstFarmBills,1
Registration,1
VoterRegistration,1
AirIn,1
WEscandal,1
wipa,1
WEXIT,1
RailRoko,1
ar,1
LGTWO,1
PAKISTAN,1
Constitution,1
COVID19,1
Coronavirus,1
Algerie,1
Algeria,1
Ai,1
blockchain,1
SmartVoting,1
khal,1
KhabardarPunjab,1
payandserviceprotecti,1
PunjabReferendum2020,1
HighCourt,1
Pakistani,1
A,1
endoflifechoiceACT,1
IndianGovernment,1
Referend,1
PakBots,1
swiss,1
hunting,1
payandserviceprotection,1
1YearWithCNS,1
Register2Vote2020For,1
IWF,1
cannabisreferendum,1
Gurus,1
FarmBills,1
sikh,1
pakistan,1
Greaterkhalistan,1
switzerland,1
UNITIperilNO,1
votaNO,1
KissanVirodhiBJP,1
KisanVirodhiNarendraModi,1
Fake,1
RIP_IndianMedia,1
IOVOTONO,1
sanitation,1
Markhor_NightmareForEnemies,1
PubjabFarmers,1
nzcannabis,1
SfJ,1
TwitterBandh,1
PakISI,1
bellaitalia,1
democracy,1
italy,1
cdnpoli,1
letschangethegame,1
newprovince,1
Karachiites,1
country,1
Terrorism,1
DelhiHilao,1
HC,1
punjabfarmes,1
KisanBachaoYuvaBachao,1
20settembre,1
Punjabi,1
Monday,1
register2vote2020,1
Khalistab,1
ANCMustFall,1
ANCLostControl,1
TalalChaudhry,1
BHAMUN,1
DefensiveOffence,1
Trieste,1
Sept212020,1
IoVotoNO,1
votare,1
GilgidBaltista,1
Punjabiracist,1
randirona,1
saulatmirza,1
KhalistanAnIllusion,1
Modifrom,1
Italy,1
Nankana,1
UNGA,1
referendum2020_iovotono,1
TikTok,1
de,1
KhalistanRefe,1
HCL_Ottawa,1
Pakistanis,1
farmersland,1
Register,1
referen,1
farmersbill2020,1
NahiCh,1
ImranKhanVoiceOfKashmir,1
greaterkhalistan,1
StopModi,1
S,1
LadakhBorder,1
BKI,1
Manipur,1
Mezoram,1
PMIKOnceMoreAtUNGA,1
Khal,1
Jihad_For_Kashmir,1
VeenaSePucho,1
PMImranKhanAtUNGA,1
gharaomodi,1
Swiss,1
immigration,1
EU,1
RealSi,1
Air,1
IndependenceDay,1
euthanasia,1
dynanite,1
Evote,1
Punjabifauj,1
punjabrefrendum2020,1
PakistanSFJPater,1
MUFC,1
Hatred,1
hindu,1
Ind,1
PunjabFarm,1
SriLanka,1
resolvettsissues,1
Farmersbil,1
ladakh,1
punjabdiazaadi,1
corruption,1
Nah,1
SikhPanth,1
elezioniregionali2020,1
Punjabfarmer,1
Regist,1
Atarprdas,1
khalistanis,1
brimun,1
endia,1
terrorists,1
RAW,1
schoolsreopening,1
Panjab,1
CAA,1
Biafra,1
ExitPolls,1
News,1
GheraloBandh,1
LahoreReferendum,1
Camada4Khalistan,1
PunjabDiAzaadi,1
gheraomodi,1
twitter,1
GurpatwantSinghPannun,1
INC,1
FarmBills2020,1
SFG,1
Separatist,1
Justice,1
Ju,1
RSS,1
Fascist,1
LAC,1
Punjabis,1
JMB,1
Bengalis,1
ISIS,1
Marathas,1
voto2020,1
TerroristPlan,1
balasahebthackeray,1
prakashsinghbadal,1
IndiaSikhs,1
BigBreaking,1
China,1
UN,1
Albania,1
Bosnia,1
Macadonia,1
BrexitShambles,1
BrexitReality,1
brexit,1
m5s,1
luigidimaio,1
KhalistanR,1
Modito,1
thing,1
Nigg,1
nda,1
,1
